{
  "best_valid_loss": 0.6986896395683289,
  "epochs": [
    {
      "epoch": 1,
      "lr": 7.5e-05,
      "seconds": 188.78,
      "train_loss": 0.7253983044624328,
      "valid_loss": 0.7227853536605835,
      "world_size": 1
    },
    {
      "epoch": 2,
      "lr": 7.351136678033276e-05,
      "seconds": 173.69,
      "train_loss": 0.7195010377937581,
      "valid_loss": 0.7139425277709961,
      "world_size": 1
    },
    {
      "epoch": 3,
      "lr": 6.916606733154592e-05,
      "seconds": 175.73,
      "train_loss": 0.7112942229308091,
      "valid_loss": 0.6986896395683289,
      "world_size": 1
    },
    {
      "epoch": 4,
      "lr": 6.231613197248927e-05,
      "seconds": 173.69,
      "train_loss": 0.7045694098844156,
      "valid_loss": 0.7182105183601379,
      "world_size": 1
    }
  ]
}
