{
  "best_valid_loss": 0.9297763109207153,
  "epochs": [
    {
      "epoch": 1,
      "lr": 7.507500000000004e-05,
      "seconds": 190.08,
      "train_loss": 0.9874462641369213,
      "valid_loss": 0.9671497344970703,
      "world_size": 1
    },
    {
      "epoch": 2,
      "lr": 0.00015,
      "seconds": 173.27,
      "train_loss": 0.9616688480831328,
      "valid_loss": 0.941032350063324,
      "world_size": 1
    },
    {
      "epoch": 3,
      "lr": 0.0001498410250504664,
      "seconds": 174.06,
      "train_loss": 0.9420270645979679,
      "valid_loss": 0.9313588738441467,
      "world_size": 1
    },
    {
      "epoch": 4,
      "lr": 0.0001493647809570054,
      "seconds": 173.8,
      "train_loss": 0.9379848324994504,
      "valid_loss": 0.9297763109207153,
      "world_size": 1
    }
  ]
}
