{
  "split": "valid",
  "n_samples": 24,
  "labels": [
    "Sup-s42",
    "Sup-s43",
    "Sup-s44",
    "VMAE-m60-s42",
    "VMAE-m60-s43",
    "VMAE-m60-s44",
    "VMAE-m60-50ep",
    "VMAE-m75",
    "VMAE-m90",
    "VMAE-m90-s45"
  ],
  "cka_matrix": [
    [
      1.0,
      0.9657183612332118,
      0.9624094756279641,
      0.7337517760660484,
      0.7427993010819469,
      0.7776369697832045,
      0.7986138071650725,
      0.7171568648342375,
      0.7494251028116757,
      0.7513655343389496
    ],
    [
      0.9657183612332118,
      1.0,
      0.9648459652607154,
      0.720221645067751,
      0.7210938622736924,
      0.762825357876235,
      0.7846621869737299,
      0.6951665187625354,
      0.7221303032979669,
      0.7243688747104139
    ],
    [
      0.9624094756279641,
      0.9648459652607154,
      1.0,
      0.7330640095188796,
      0.7305763806832117,
      0.7729333208418602,
      0.7452885376228421,
      0.707700752324346,
      0.7305338592940547,
      0.7317391733144765
    ],
    [
      0.7337517760660484,
      0.720221645067751,
      0.7330640095188796,
      1.0,
      0.9558566104532005,
      0.9738076033073032,
      0.639768045855843,
      0.9808191610694427,
      0.9710356981023621,
      0.9697733562918053
    ],
    [
      0.7427993010819469,
      0.7210938622736924,
      0.7305763806832117,
      0.9558566104532005,
      1.0,
      0.9599592164289059,
      0.6128187855617292,
      0.9584024272235755,
      0.9441504702423434,
      0.9469111900959104
    ],
    [
      0.7776369697832045,
      0.762825357876235,
      0.7729333208418602,
      0.9738076033073032,
      0.9599592164289059,
      1.0,
      0.702846637761351,
      0.9613611963715011,
      0.9678153786231244,
      0.9670211253650508
    ],
    [
      0.7986138071650725,
      0.7846621869737299,
      0.7452885376228421,
      0.639768045855843,
      0.6128187855617292,
      0.702846637761351,
      1.0,
      0.622803224619086,
      0.6961805417555206,
      0.6966413480434482
    ],
    [
      0.7171568648342375,
      0.6951665187625354,
      0.707700752324346,
      0.9808191610694427,
      0.9584024272235755,
      0.9613611963715011,
      0.622803224619086,
      1.0,
      0.983508466610106,
      0.9850389902888274
    ],
    [
      0.7494251028116757,
      0.7221303032979669,
      0.7305338592940547,
      0.9710356981023621,
      0.9441504702423434,
      0.9678153786231244,
      0.6961805417555206,
      0.983508466610106,
      1.0,
      0.9993565819034106
    ],
    [
      0.7513655343389496,
      0.7243688747104139,
      0.7317391733144765,
      0.9697733562918053,
      0.9469111900959104,
      0.9670211253650508,
      0.6966413480434482,
      0.9850389902888274,
      0.9993565819034106,
      1.0
    ]
  ]
}