{
  "split": "valid",
  "n_samples": 24,
  "labels": [
    "Supervised-s42",
    "Supervised-s43",
    "VideoMAE-mask60-s42",
    "VideoMAE-mask60-s43",
    "VideoMAE-mask75",
    "VideoMAE-mask90"
  ],
  "cka_matrix": [
    [
      1.0,
      0.9657183612332118,
      0.7337517760660484,
      0.7427993010819469,
      0.7171568648342375,
      0.7494251028116757
    ],
    [
      0.9657183612332118,
      1.0,
      0.720221645067751,
      0.7210938622736924,
      0.6951665187625354,
      0.7221303032979669
    ],
    [
      0.7337517760660484,
      0.720221645067751,
      1.0,
      0.9558566104532005,
      0.9808191610694427,
      0.9710356981023621
    ],
    [
      0.7427993010819469,
      0.7210938622736924,
      0.9558566104532005,
      1.0,
      0.9584024272235755,
      0.9441504702423434
    ],
    [
      0.7171568648342375,
      0.6951665187625354,
      0.9808191610694427,
      0.9584024272235755,
      1.0,
      0.983508466610106
    ],
    [
      0.7494251028116757,
      0.7221303032979669,
      0.9710356981023621,
      0.9441504702423434,
      0.983508466610106,
      1.0
    ]
  ]
}