{
  "label_names": [
    "alpha",
    "zeta"
  ],
  "mean": [
    -3.022857189178467,
    9.022856712341309
  ],
  "std": [
    1.4538778066635132,
    5.2109270095825195
  ]
}
