{
  "best_valid_loss": 0.9297446608543396,
  "epochs": [
    {
      "epoch": 1,
      "lr": 7.507500000000004e-05,
      "seconds": 494.39,
      "train_loss": 0.9825637093354097,
      "valid_loss": 0.961996853351593,
      "world_size": 1
    },
    {
      "epoch": 2,
      "lr": 0.00015,
      "seconds": 365.8,
      "train_loss": 0.9561338734007501,
      "valid_loss": 0.9367089867591858,
      "world_size": 1
    },
    {
      "epoch": 3,
      "lr": 0.00014930843149319755,
      "seconds": 193.51,
      "train_loss": 0.9407722893937842,
      "valid_loss": 0.9312453269958496,
      "world_size": 1
    },
    {
      "epoch": 4,
      "lr": 0.0001472466085855741,
      "seconds": 173.3,
      "train_loss": 0.9381418211738785,
      "valid_loss": 0.9297446608543396,
      "world_size": 1
    }
  ]
}
